{"cameraMode":{"drawMode":0,"name":"Shaded","section":"Shading Mode"},"sceneLighting":false,"audioPlay":false,"sceneViewState":{"m_AlwaysRefresh":false,"showFog":true,"showSkybox":false,"showFlares":true,"showImageEffects":true,"showParticleSystems":true,"showVisualEffectGraphs":true,"m_FxEnabled":true},"in2DMode":false,"pivot":{"x":-6.8133649826049809,"y":4.3114495277404789,"z":12.694436073303223},"rotation":{"x":-0.030979573726654054,"y":-0.3377104699611664,"z":-0.011345840990543366,"w":0.9405888915061951},"size":9.79722785949707,"orthographic":false}