{"cameraMode":{"drawMode":0,"name":"Shaded","section":"Shading Mode"},"sceneLighting":false,"audioPlay":false,"sceneViewState":{"m_AlwaysRefresh":false,"showFog":true,"showSkybox":false,"showFlares":true,"showImageEffects":true,"showParticleSystems":true,"showVisualEffectGraphs":true,"m_FxEnabled":true},"in2DMode":false,"pivot":{"x":-1.0466278791427613,"y":-2.5031208992004396,"z":3.191387176513672},"rotation":{"x":0.11532878130674362,"y":-0.15402863919734956,"z":0.0180299561470747,"w":0.9811103940010071},"size":0.44184982776641848,"orthographic":false}