{"cameraMode":{"drawMode":0,"name":"Shaded","section":"Shading Mode"},"sceneLighting":false,"audioPlay":false,"sceneViewState":{"m_AlwaysRefresh":false,"showFog":true,"showSkybox":false,"showFlares":true,"showImageEffects":true,"showParticleSystems":true,"showVisualEffectGraphs":true,"m_FxEnabled":true},"in2DMode":false,"pivot":{"x":0.7326050996780396,"y":-0.5000400543212891,"z":9.730339050292969},"rotation":{"x":0.16117455065250398,"y":0.03546200320124626,"z":-0.005993350874632597,"w":0.9862228631973267},"size":5.491315841674805,"orthographic":false}